{"target": "alarmClock", "objects": {"umbrella": {"position": [22.486215591430664, 2.900585889816284, 0.901434600353241], "rotation": [0.004333163611590862, 0.9261718392372131, 0.1430409997701645, 0.34889283776283264], "isTarget": false}, "eyeglasses": {"position": [24.219810485839844, 1.4477990865707397, 20.150842666625977], "rotation": [0.0001924221433000639, 0.9873684644699097, -0.00123177922796458, 0.15843607485294342], "isTarget": false}, "alarmClock": {"position": [7.149041175842285, 1.2902884483337402, -24.10132598876953], "rotation": [-0.007509702816605568, -0.0037944032810628414, -0.00017719046445563436, 0.9999645948410034], "isTarget": true}, "pottedPlant": {"position": [-2.939607858657837, 2.5434770584106445, 24.34758949279785], "rotation": [-0.6745028495788574, 0.21227970719337463, 0.21230612695217133, 0.6744697093963623], "isTarget": false}, "banana": {"position": [13.366660118103027, 0.14994856715202332, 5.799147129058838], "rotation": [0.6358954310417175, 0.3092508614063263, -0.3092527389526367, 0.6358959674835205], "isTarget": false}, "keys": {"position": [33.90557098388672, 1.342751383781433, 27.598676681518555], "rotation": [-0.0010743651073426008, -0.0005392123712226748, -0.0011351258726790547, 0.9999985694885254], "isTarget": false}, "apple": {"position": [0.394010066986084, 1.5702016353607178, -2.9811458587646484], "rotation": [8.09255798230879e-05, -4.917486421618378e-06, 7.833762356312945e-05, 0.9999999403953552], "isTarget": false}, "teddy": {"position": [6.927364349365234, 2.1830639839172363, -18.246728897094727], "rotation": [-0.0167093388736248, 0.072774238884449, -0.18999584019184113, 0.9789413809776306], "isTarget": false}, "handbag": {"position": [22.80476188659668, 1.6015772819519043, 7.118924140930176], "rotation": [-0.0001066108961822465, 6.736034993082285e-05, -4.519869253272191e-05, 0.9999999403953552], "isTarget": false}, "spoon": {"position": [10.551654815673828, 2.080996036529541, -19.9006404876709], "rotation": [0.010731677524745464, 0.015237746760249138, 0.5734533071517944, 0.8190262317657471], "isTarget": false}, "backpack": {"position": [0.4616181254386902, 0.4706045389175415, 27.536136627197266], "rotation": [0.7067786455154419, -0.020308075472712517, 0.02153608202934265, 0.7068151831626892], "isTarget": false}, "book": {"position": [30.228046417236328, 1.2524300813674927, 20.20343589782715], "rotation": [0.0035984187852591276, -0.004061832558363676, 0.00435550045222044, 0.9999758005142212], "isTarget": false}, "baseballGlove": {"position": [6.629595756530762, 1.2937368154525757, -7.52620792388916], "rotation": [-0.00012378960673231632, -0.7339043617248535, -1.601332587597426e-05, 0.6792528629302979], "isTarget": false}, "phone": {"position": [33.61883544921875, 1.3014439344406128, 26.002397537231445], "rotation": [0.00029809027910232544, 0.00017462862888351083, -0.00013756613770965487, 0.9999999403953552], "isTarget": false}}}