{"target": "phone", "objects": {"teddy": {"position": [7.624330997467041, 0.6053210496902466, -22.07436180114746], "rotation": [0.4396331012248993, 0.5485618710517883, 0.2667081654071808, 0.6592945456504822], "isTarget": false}, "book": {"position": [0.7539467811584473, 1.2501062154769897, 27.667377471923828], "rotation": [-0.0013849807437509298, -0.0009773294441401958, -0.00017041462706401944, 0.9999985694885254], "isTarget": false}, "umbrella": {"position": [6.773448944091797, 2.896939992904663, -18.24432945251465], "rotation": [-0.006512822117656469, 0.6176506280899048, 0.000497171247843653, 0.7864254117012024], "isTarget": false}, "handbag": {"position": [34.08301544189453, 1.6014484167099, 26.014963150024414], "rotation": [0.0001215005831909366, -0.3655160665512085, -1.0887935104619828e-06, 0.9308050274848938], "isTarget": false}, "keys": {"position": [29.71181869506836, 1.3032457828521729, 19.26538848876953], "rotation": [0.1331545114517212, -0.57602459192276, 0.7837705612182617, 0.1901818960905075], "isTarget": false}, "spoon": {"position": [-2.3352694511413574, 1.872296929359436, 24.264873504638672], "rotation": [-0.11025325208902359, 0.6244587898254395, -0.13415047526359558, 0.761510968208313], "isTarget": false}, "pottedPlant": {"position": [17.506362915039062, 1.2632588148117065, 6.798492431640625], "rotation": [-0.5507042407989502, -0.4435359537601471, -0.4435354173183441, 0.5507059097290039], "isTarget": false}, "baseballGlove": {"position": [22.39251708984375, 1.2937078475952148, 0.8336383700370789], "rotation": [-9.717489592730999e-05, 0.46377089619636536, 9.88040046649985e-05, 0.8859551548957825], "isTarget": false}, "alarmClock": {"position": [22.505992889404297, -0.2964714467525482, 8.899137496948242], "rotation": [0.6747391819953918, -0.01756618171930313, -0.01609336957335472, -0.7376716732978821], "isTarget": false}, "apple": {"position": [13.968729019165039, 1.5702015161514282, 8.1087646484375], "rotation": [1.4438604011957068e-05, 0.6176614761352539, -0.00011306003580102697, 0.7864440679550171], "isTarget": false}, "eyeglasses": {"position": [32.19329833984375, 0.142793208360672, 27.962419509887695], "rotation": [-0.16298595070838928, -6.340256368275732e-05, -0.9866284132003784, 8.606325536675286e-06], "isTarget": false}, "phone": {"position": [2.7666330337524414, 1.3014951944351196, 3.5811705589294434], "rotation": [-0.00015854218509048223, 0.8435626029968262, 3.837979238596745e-05, 0.5370307564735413], "isTarget": true}, "banana": {"position": [-2.2361271381378174, 1.4415767192840576, 0.7290869355201721], "rotation": [-0.014387231320142746, -0.04092046990990639, 0.33310824632644653, 0.9418903589248657], "isTarget": false}, "backpack": {"position": [-3.2611472606658936, 0.4925614297389984, -4.466499328613281], "rotation": [0.6198530197143555, 0.34146225452423096, -0.34051743149757385, 0.6190586686134338], "isTarget": false}}}