{"target": "apple", "objects": {"umbrella": {"position": [27.87611198425293, 1.596901297569275, 26.49183464050293], "rotation": [-0.6191338896751404, -0.7052849531173706, 0.1048884317278862, -0.3290058672428131], "isTarget": false}, "eyeglasses": {"position": [-3.364628314971924, 1.4478089809417725, 24.11986541748047], "rotation": [0.0002650917449500412, 0.9750441312789917, -0.00124194729141891, 0.22200746834278107], "isTarget": false}, "alarmClock": {"position": [5.374186992645264, 1.2908859252929688, -7.822839736938477], "rotation": [-0.006646531634032726, -0.0037488427478820086, -6.903134635649621e-05, 0.9999708533287048], "isTarget": false}, "pottedPlant": {"position": [0.09823723137378693, 2.543485164642334, -2.4047958850860596], "rotation": [-0.6773331165313721, 0.20307978987693787, 0.2031317800283432, 0.6772857308387756], "isTarget": false}, "banana": {"position": [0.7919966578483582, 1.4303474426269531, 27.218090057373047], "rotation": [0.6361400485038757, 0.30909544229507446, -0.30907493829727173, 0.635813295841217], "isTarget": false}, "keys": {"position": [16.33574104309082, 1.3427633047103882, 6.775311470031738], "rotation": [-0.0011134183732792735, -0.0005256610456854105, -0.0010863812640309334, 0.9999985694885254], "isTarget": false}, "apple": {"position": [23.358726501464844, 1.57020103931427, 6.572013854980469], "rotation": [-7.756064587738365e-05, -4.517186425800901e-06, -8.133499068208039e-05, 0.9999999403953552], "isTarget": true}, "teddy": {"position": [9.515637397766113, 0.46986591815948486, -23.68849754333496], "rotation": [-0.030072154477238655, 0.007423945236951113, -0.8791207671165466, 0.47559139132499695], "isTarget": false}, "handbag": {"position": [2.476140260696411, 1.6015117168426514, 3.6274702548980713], "rotation": [6.775013025617227e-05, 2.3894483092590235e-05, 5.862623584107496e-05, 0.9999999403953552], "isTarget": false}, "spoon": {"position": [6.851922988891602, 1.8721486330032349, -18.11595344543457], "rotation": [0.0006748714367859066, -0.003156289691105485, -0.1736757904291153, 0.9847975969314575], "isTarget": false}, "backpack": {"position": [13.424053192138672, 0.49059489369392395, 7.15034818649292], "rotation": [0.7071056365966797, 0.0005177125567570329, 0.0007107986602932215, 0.7071073651313782], "isTarget": false}, "book": {"position": [33.692108154296875, 1.2878354787826538, 26.665802001953125], "rotation": [0.0012512766988947988, -0.002385570667684078, 4.647951936931349e-05, 0.9999963641166687], "isTarget": false}, "baseballGlove": {"position": [22.355791091918945, 1.2937355041503906, -0.060371655970811844], "rotation": [-0.00010745233157649636, 0.10916512459516525, 6.39056961517781e-05, 0.9940236210823059], "isTarget": false}, "phone": {"position": [11.239361763000488, 1.301479458808899, -19.84636116027832], "rotation": [-0.0002608537906780839, -3.116870175290387e-06, -0.00013878100435249507, 0.9999999403953552], "isTarget": false}}}