{"target": "keys", "objects": {"eyeglasses": {"position": [33.50887680053711, 1.4478402137756348, 26.210567474365234], "rotation": [0.0004342625034041703, 0.9214611053466797, -0.001148706884123385, 0.3884686827659607], "isTarget": false}, "apple": {"position": [13.411295890808105, 1.5702415704727173, 8.394383430480957], "rotation": [-7.18240553396754e-05, 2.4090584702207707e-05, 0.00013499493070412427, 1], "isTarget": false}, "spoon": {"position": [-3.0571961402893066, 1.8721907138824463, 24.56810188293457], "rotation": [0.0006817297544330359, -0.0032504114788025618, -0.1736161708831787, 0.9848077893257141], "isTarget": false}, "backpack": {"position": [23.57709503173828, 0.7268261909484863, 0.8983597755432129], "rotation": [0.0005745210801251233, 0.0005480398540385067, -0.7071061730384827, 0.70710688829422], "isTarget": false}, "handbag": {"position": [7.3937225341796875, 1.7495909929275513, -18.429296493530273], "rotation": [-0.7071685194969177, -0.0002718429022934288, -0.000383408012567088, 0.7070448994636536], "isTarget": false}, "umbrella": {"position": [10.930987358093262, 2.905796527862549, -20.082595825195312], "rotation": [0.9077503085136414, -0.08515680581331253, -0.36141183972358704, -0.19524139165878296], "isTarget": false}, "baseballGlove": {"position": [-2.361804962158203, 1.7864004373550415, -0.2838287949562073], "rotation": [0.999994158744812, -0.00011262492625974119, -0.003414659993723035, -7.830130198271945e-05], "isTarget": false}, "alarmClock": {"position": [0.3093791604042053, 1.809376835823059, 26.87372589111328], "rotation": [0.6945586800575256, 0.1322328895330429, -0.13221172988414764, 0.6947105526924133], "isTarget": false}, "book": {"position": [34.25197982788086, 1.252393126487732, 28.264385223388672], "rotation": [0.003171981545165181, 0.0010367005597800016, -0.005543224513530731, 0.9999790787696838], "isTarget": false}, "phone": {"position": [2.404043436050415, 1.3014888763427734, 3.4324421882629395], "rotation": [-0.0001959167857421562, -2.550483804952819e-05, 0.0002180346637032926, 0.9999999403953552], "isTarget": false}, "banana": {"position": [29.6409854888916, 2.0984983444213867, 19.900665283203125], "rotation": [0.03278908506035805, -0.011546900495886803, 0.9421988129615784, -0.33324602246284485], "isTarget": false}, "teddy": {"position": [24.245161056518555, 2.1830646991729736, 20.29134750366211], "rotation": [-0.00282273325137794, 0.0013460231712087989, -0.19072310626506805, 0.9816389083862305], "isTarget": false}, "keys": {"position": [6.615248203277588, 1.3689662218093872, -22.990976333618164], "rotation": [0.6546913385391235, -0.005101070273667574, 0.7558665871620178, 0.004343500826507807], "isTarget": true}, "pottedPlant": {"position": [-0.07587594538927078, 1.2972031831741333, 21.476177215576172], "rotation": [6.4314599512727e-06, 0.0010977898491546512, -1.9720137061085552e-05, 0.9999994039535522], "isTarget": false}}}