{"target": "handbag", "objects": {"handbag": {"position": [-0.2559475302696228, 1.6014482975006104, 21.578510284423828], "rotation": [0.00011277875455562025, 1.0871022823266685e-05, -4.5005817810306326e-05, 0.9999999403953552], "isTarget": true}, "eyeglasses": {"position": [12.385031700134277, 0.14279237389564514, 7.840967178344727], "rotation": [-0.7325012683868408, 4.2540155845927075e-05, 0.680765688419342, 4.5642074837815017e-05], "isTarget": false}, "umbrella": {"position": [26.587663650512695, 1.623023271560669, 24.99738121032715], "rotation": [-0.07769063115119934, 0.05107489973306656, 0.3920691907405853, -0.9152252674102783], "isTarget": false}, "teddy": {"position": [29.82518768310547, 1.7499600648880005, 19.76853370666504], "rotation": [0.08743264526128769, -0.03857133910059929, 0.8752194046974182, -0.47419270873069763], "isTarget": false}, "backpack": {"position": [15.702160835266113, -3.2704803943634033, 6.7991743087768555], "rotation": [0.058950185775756836, 0.02356681600213051, -0.0012067243224009871, 0.9979819655418396], "isTarget": false}, "baseballGlove": {"position": [-2.395902156829834, 1.2936627864837646, 24.190214157104492], "rotation": [7.735790859442204e-05, 3.2513835321879014e-05, -6.550287071149796e-05, 0.9999999403953552], "isTarget": false}, "pottedPlant": {"position": [11.253276824951172, 1.98101806640625, -17.32547950744629], "rotation": [0.9999728202819824, 7.209948194031313e-08, 0.007373272906988859, -1.910046421471634e-06], "isTarget": false}, "banana": {"position": [6.24606990814209, 1.473186731338501, -23.64119529724121], "rotation": [-0.05085312947630882, 0.002091786591336131, 0.5473641157150269, 0.8353455066680908], "isTarget": false}, "keys": {"position": [1.5605798959732056, 1.342748999595642, 27.17132568359375], "rotation": [-0.0010673709912225604, 2.931804374384228e-05, -0.0011441654060035944, 0.9999987483024597], "isTarget": false}, "spoon": {"position": [-0.11224034428596497, 1.8721529245376587, -2.3126068115234375], "rotation": [0.0009646516409702599, -0.00494625698775053, -0.1736161857843399, 0.9848004579544067], "isTarget": false}, "alarmClock": {"position": [7.390286922454834, 1.809303879737854, -17.89605140686035], "rotation": [0.7068869471549988, 0.01409898977726698, -0.014308000914752483, 0.7070412635803223], "isTarget": false}, "apple": {"position": [23.575374603271484, 1.5702242851257324, 7.432360649108887], "rotation": [5.414001861936413e-05, 9.4033657660475e-06, -0.00014050047320779413, 0.9999999403953552], "isTarget": false}, "phone": {"position": [-2.8626132011413574, 1.3014439344406128, 0.43800419569015503], "rotation": [0.00029816178721375763, 0.00018457596888765693, -0.00013756658881902695, 0.9999999403953552], "isTarget": false}, "book": {"position": [23.399805068969727, 1.2522717714309692, 19.770172119140625], "rotation": [0.00023686300846748054, -8.88270151335746e-05, 0.004688221029937267, 0.9999889731407166], "isTarget": false}}}