{"target": "backpack", "objects": {"baseballGlove": {"position": [23.620452880859375, 1.2936782836914062, 0.69806969165802], "rotation": [-7.827336230548099e-05, 9.782249435374979e-06, -8.707601955393329e-05, 0.9999999403953552], "isTarget": false}, "phone": {"position": [6.554203033447266, 1.3014461994171143, -17.839088439941406], "rotation": [0.0002955157542601228, -5.817925193696283e-05, 0.00013747480988968164, 0.9999999403953552], "isTarget": false}, "apple": {"position": [-2.731055498123169, 1.5702009201049805, 0.1801190823316574], "rotation": [-7.818624726496637e-05, -6.303268378360372e-07, -8.13818842289038e-05, 0.9999999403953552], "isTarget": false}, "spoon": {"position": [-3.9610676765441895, 0.3678348660469055, 22.3291072845459], "rotation": [-0.663179874420166, 0.2453434020280838, 0.24534521996974945, 0.6631777286529541], "isTarget": false}, "book": {"position": [6.491220474243164, 1.2878121137619019, -7.423341274261475], "rotation": [4.061316212755628e-05, -4.914994860882871e-05, 2.6424611860420555e-05, 0.9999999403953552], "isTarget": false}, "umbrella": {"position": [13.395063400268555, 1.62653648853302, -23.1440486907959], "rotation": [-0.001087316544726491, -0.003345179371535778, -0.4810842275619507, 0.8766672611236572], "isTarget": false}, "eyeglasses": {"position": [3.105523109436035, 1.4477792978286743, 2.925924777984619], "rotation": [0.0003750667383428663, 0.965787410736084, -0.0011535589583218098, 0.25933223962783813], "isTarget": false}, "backpack": {"position": [33.71767807006836, 2.363384246826172, 29.311424255371094], "rotation": [0.0002445578284095973, 0.002210067817941308, 0.015102919191122055, 0.9998834133148193], "isTarget": true}, "teddy": {"position": [34.16768264770508, 1.7499386072158813, 25.86758041381836], "rotation": [0.004364566877484322, 0.006543818395584822, 0.8796238899230957, -0.4756048023700714], "isTarget": false}, "handbag": {"position": [13.757901191711426, 1.6015801429748535, 7.624068737030029], "rotation": [-7.423209171975031e-05, 8.102427273115609e-06, -5.411154779721983e-05, 0.9999999403953552], "isTarget": false}, "banana": {"position": [24.04362678527832, 2.284149169921875, 20.327783584594727], "rotation": [-0.11540793627500534, -0.055114272981882095, 0.8950085639953613, 0.42732077836990356], "isTarget": false}, "keys": {"position": [15.384140014648438, 1.3017898797988892, 6.5424675941467285], "rotation": [0.7009211778640747, -0.09040593355894089, 0.11319024860858917, 0.6983726024627686], "isTarget": false}, "alarmClock": {"position": [1.4832165241241455, 1.2908507585525513, 26.7072811126709], "rotation": [-0.006682385224848986, -0.00022976343461778015, 3.557738091330975e-05, 0.9999775886535645], "isTarget": false}, "pottedPlant": {"position": [22.602251052856445, 1.2971632480621338, 7.046125411987305], "rotation": [3.6889614420942962e-06, 4.648604226531461e-05, 4.05895734729711e-05, 0.9999999403953552], "isTarget": false}}}