{"target": "eyeglasses", "objects": {"book": {"position": [7.465211868286133, 1.2878234386444092, -17.368026733398438], "rotation": [0.00022253479983191937, 0.0006900160806253552, 5.1391729357419536e-05, 0.9999997019767761], "isTarget": false}, "umbrella": {"position": [29.93485450744629, 1.6303614377975464, 26.3276309967041], "rotation": [0.9367959499359131, -0.0010891007259488106, 0.006236529443413019, -0.3498188555240631], "isTarget": false}, "spoon": {"position": [0.46108102798461914, 1.3334107398986816, 27.59772300720215], "rotation": [0.010763178579509258, 0.0017879261868074536, 0.9847462177276611, 0.17365413904190063], "isTarget": false}, "apple": {"position": [33.737857818603516, 1.57020103931427, 27.675539016723633], "rotation": [-7.732314406894147e-05, -9.254976248485036e-06, 8.099970000330359e-05, 0.9999999403953552], "isTarget": false}, "banana": {"position": [0.49039486050605774, 1.4415687322616577, -3.4419682025909424], "rotation": [-0.012821808457374573, -0.03655010461807251, 0.33318039774894714, 0.9420671463012695], "isTarget": false}, "keys": {"position": [22.615684509277344, 1.3427530527114868, 0.7150461077690125], "rotation": [-0.0010802432661876082, 8.793277811491862e-05, -0.0011278772726655006, 0.9999987483024597], "isTarget": false}, "teddy": {"position": [-2.617642641067505, 2.183065891265869, -0.4064364731311798], "rotation": [-0.001591083244420588, -0.005070300307124853, -0.1907307356595993, 0.9816280007362366], "isTarget": false}, "baseballGlove": {"position": [6.652394771575928, 1.293707251548767, -22.83557891845703], "rotation": [1.9323329979670234e-05, 9.991423576138914e-05, -6.715144263580441e-05, 0.9999999403953552], "isTarget": false}, "backpack": {"position": [22.688678741455078, -3.272106170654297, 6.641230583190918], "rotation": [0.056333016604185104, -0.0005149124772287905, 0.00014710606774315238, 0.9984118938446045], "isTarget": false}, "alarmClock": {"position": [6.611574649810791, 1.2908960580825806, -8.206588745117188], "rotation": [-0.006626863032579422, -0.008828218095004559, -4.260873902239837e-05, 0.9999390244483948], "isTarget": false}, "phone": {"position": [24.170093536376953, 1.3014439344406128, 19.408536911010742], "rotation": [0.000298279948765412, 0.0001874883018899709, -0.00013747518823947757, 0.9999999403953552], "isTarget": false}, "pottedPlant": {"position": [-2.351630926132202, 1.297122836112976, 24.110132217407227], "rotation": [-1.8186357237937045e-06, 0.004583775531500578, -9.245568799087778e-05, 0.9999895095825195], "isTarget": false}, "handbag": {"position": [11.581086158752441, 1.7497819662094116, -21.17499542236328], "rotation": [-0.7071407437324524, 0.0007442794158123434, 0.0008327573304995894, 0.7070719003677368], "isTarget": false}, "eyeglasses": {"position": [16.316869735717773, 1.4477821588516235, 7.046421051025391], "rotation": [0.00027223164215683937, 0.984432578086853, -0.0011825986439362168, 0.17575855553150177], "isTarget": true}}}