{"target": "handbag", "objects": {"baseballGlove": {"position": [6.753779411315918, 1.2935941219329834, -17.89805793762207], "rotation": [-6.606362876482308e-05, -3.1225526981870644e-06, 6.82047611917369e-05, 0.9999999403953552], "isTarget": false}, "phone": {"position": [10.503303527832031, 1.3015273809432983, -19.817373275756836], "rotation": [-0.0001011963831842877, -2.3672153474763036e-05, 0.00014460762031376362, 0.9999999403953552], "isTarget": false}, "apple": {"position": [2.6496548652648926, 1.5702017545700073, 2.653409004211426], "rotation": [8.11012796475552e-05, -2.426865648885723e-06, 7.771867967676371e-05, 0.9999999403953552], "isTarget": false}, "spoon": {"position": [23.329835891723633, 1.8721387386322021, 0.4504043459892273], "rotation": [-0.009310372173786163, 0.05328584089875221, -0.17342790961265564, 0.9833599328994751], "isTarget": false}, "book": {"position": [6.64673376083374, 1.2878024578094482, -23.249170303344727], "rotation": [3.841991565423086e-05, 0.00025024969363585114, 3.0899984267307445e-05, 0.9999999403953552], "isTarget": false}, "umbrella": {"position": [-0.5766218900680542, 2.900808811187744, 21.429426193237305], "rotation": [-3.559671313269064e-06, -3.592622761061648e-06, 0.9889686703681946, -0.14812467992305756], "isTarget": false}, "eyeglasses": {"position": [-3.0127744674682617, 1.4477835893630981, 0.09280945360660553], "rotation": [0.000288444512989372, 0.9802858233451843, -0.0012033561943098903, 0.19758091866970062], "isTarget": false}, "backpack": {"position": [16.451148986816406, -3.168658971786499, 6.682942867279053], "rotation": [0.1324751079082489, -0.16614937782287598, 0.015783924609422684, 0.9770340919494629], "isTarget": false}, "teddy": {"position": [14.233015060424805, 1.7499327659606934, 8.059807777404785], "rotation": [0.004280369728803635, 0.006611703895032406, 0.8796316981315613, -0.47559022903442383], "isTarget": false}, "handbag": {"position": [-2.756455898284912, 1.6016877889633179, 23.68033790588379], "rotation": [-0.00021821598056703806, 2.9557822927017696e-06, -4.7863323970887e-07, 0.9999999403953552], "isTarget": true}, "banana": {"position": [28.45606803894043, 1.0040757656097412, 20.594568252563477], "rotation": [-0.11541122198104858, -0.055104054510593414, 0.8950138688087463, 0.4273100197315216], "isTarget": false}, "keys": {"position": [6.636987686157227, 1.3427071571350098, -7.440428733825684], "rotation": [-0.0009458019048906863, -0.0003134331782348454, -0.0013386717764660716, 0.9999985694885254], "isTarget": false}, "alarmClock": {"position": [34.16111373901367, 1.290234088897705, 27.54523277282715], "rotation": [-0.007605100981891155, -7.833791460143402e-05, 5.979601337458007e-05, 0.9999710917472839], "isTarget": false}, "pottedPlant": {"position": [0.5923795700073242, 1.2972142696380615, 26.81740379333496], "rotation": [4.531073500402272e-06, 2.848671840638417e-07, 2.7571493887990073e-07, 0.9999999403953552], "isTarget": false}}}