{"target": "eyeglasses", "objects": {"keys": {"position": [-0.039599839597940445, 1.3689647912979126, 21.054630279541016], "rotation": [0.4665836691856384, -0.006223035976290703, 0.884449303150177, 0.0032225351314991713], "isTarget": false}, "banana": {"position": [-2.8282854557037354, 1.4416913986206055, 24.62030601501465], "rotation": [-0.016491724178195, -0.04643840715289116, 0.3330770432949066, 0.9416109323501587], "isTarget": false}, "phone": {"position": [22.516672134399414, 1.3014440536499023, 0.17721284925937653], "rotation": [0.0002778132038656622, 0.8435632586479187, -0.0001778940059011802, 0.5370297431945801], "isTarget": false}, "book": {"position": [-0.47987261414527893, 1.2878073453903198, -3.313260078430176], "rotation": [2.5823248506640084e-05, -0.00035508759901858866, -1.9046476154471748e-05, 0.9999998807907104], "isTarget": false}, "handbag": {"position": [3.5796337127685547, 1.749668002128601, 3.5191428661346436], "rotation": [-0.6804153323173523, 0.1922769546508789, 0.19215090572834015, 0.6805458068847656], "isTarget": false}, "teddy": {"position": [-2.800661325454712, 2.1830527782440186, -0.4085318148136139], "rotation": [-0.1399238258600235, 0.7108270525932312, -0.12984342873096466, 0.6769689321517944], "isTarget": false}, "pottedPlant": {"position": [21.78724479675293, 1.9810163974761963, 20.556062698364258], "rotation": [0.7075826525688171, 1.2455252544896211e-06, 0.706630527973175, -2.0511522507149493e-06], "isTarget": false}, "backpack": {"position": [0.7988274097442627, 0.8259840607643127, 31.284019470214844], "rotation": [-0.5477322340011597, 0.44814664125442505, 0.4472000002861023, 0.5469608306884766], "isTarget": false}, "baseballGlove": {"position": [7.2001166343688965, 1.2937471866607666, -18.486042022705078], "rotation": [-5.5093634728109464e-05, 0.4638524353504181, 3.099579771514982e-05, 0.8859124779701233], "isTarget": false}, "spoon": {"position": [10.88624095916748, 1.8722320795059204, -21.076990127563477], "rotation": [-0.10717576742172241, 0.6074364185333252, -0.1367076337337494, 0.7751421332359314], "isTarget": false}, "umbrella": {"position": [16.958662033081055, 2.8699066638946533, 6.67092227935791], "rotation": [0.7207472324371338, 0.21874219179153442, 0.5154011845588684, 0.40870144963264465], "isTarget": false}, "apple": {"position": [6.660059452056885, 1.5702683925628662, -7.714424133300781], "rotation": [1.725836227706168e-05, 0.6175510883331299, -0.00012027385673718527, 0.7865307331085205], "isTarget": false}, "alarmClock": {"position": [13.381298065185547, 1.8094134330749512, 8.317567825317383], "rotation": [0.0992291197180748, -0.7000532150268555, 0.700175940990448, 0.09915992617607117], "isTarget": false}, "eyeglasses": {"position": [34.10723114013672, 1.4478009939193726, 28.057851791381836], "rotation": [0.0002385762782068923, 0.9840348362922668, -0.0011797932675108314, 0.17797201871871948], "isTarget": true}}}