{"target": "baseballGlove", "objects": {"spoon": {"position": [33.75599670410156, 2.080989360809326, 27.94738006591797], "rotation": [0.028010373935103416, 0.040027957409620285, 0.5729219317436218, 0.8181525468826294], "isTarget": false}, "keys": {"position": [23.578798294067383, 1.3688867092132568, 7.542209625244141], "rotation": [0.7105052471160889, -0.012915339320898056, 0.7034481167793274, 0.013271069154143333], "isTarget": false}, "apple": {"position": [7.505326271057129, 1.5702751874923706, -22.888080596923828], "rotation": [1.581605465617031e-05, -2.0323659555288032e-05, -8.826209523249418e-05, 0.9999999403953552], "isTarget": false}, "teddy": {"position": [-2.423107624053955, 2.1830694675445557, 23.639951705932617], "rotation": [0.010971061885356903, -0.0690976083278656, -0.1905709058046341, 0.9791771769523621], "isTarget": false}, "pottedPlant": {"position": [-0.5317564010620117, 1.2971913814544678, -3.4689173698425293], "rotation": [-6.719156226608902e-05, 2.5860090318019502e-05, 4.987322972738184e-05, 0.9999999403953552], "isTarget": false}, "phone": {"position": [16.297752380371094, 1.3014461994171143, 7.089953899383545], "rotation": [0.0002954874071292579, 3.450435178820044e-05, 0.00013757028500549495, 0.9999999403953552], "isTarget": false}, "umbrella": {"position": [7.202345371246338, 1.6220715045928955, 7.69187068939209], "rotation": [0.11963365226984024, -0.08165813982486725, 0.947670042514801, -0.28450173139572144], "isTarget": false}, "backpack": {"position": [5.765227794647217, 0.4905926585197449, -8.23604965209961], "rotation": [0.65569007396698, 0.2658481001853943, -0.2647063434123993, 0.6552296280860901], "isTarget": false}, "baseballGlove": {"position": [10.538214683532715, 1.2936153411865234, -20.536802291870117], "rotation": [-5.509071343112737e-05, -6.647153441008413e-07, 8.786858961684629e-05, 0.9999999403953552], "isTarget": true}, "book": {"position": [23.90524673461914, 1.2485941648483276, 20.005294799804688], "rotation": [-0.00035270926309749484, -0.0008934297948144376, -0.005305886268615723, 0.9999854564666748], "isTarget": false}, "eyeglasses": {"position": [6.938196659088135, 1.447800636291504, -17.971187591552734], "rotation": [0.00035280827432870865, 0.9621105194091797, -0.0011513727949932218, 0.2726571261882782], "isTarget": false}, "banana": {"position": [-1.839820384979248, 0.81840980052948, 21.192768096923828], "rotation": [0.02185339480638504, -0.007727513089776039, 0.9425133466720581, -0.33336353302001953], "isTarget": false}, "handbag": {"position": [0.7204117774963379, 1.7495793104171753, 27.20113754272461], "rotation": [-0.7070368528366089, 0.00030024125589989126, 0.00019306590547785163, 0.7071765065193176], "isTarget": false}, "alarmClock": {"position": [30.546337127685547, 1.8093849420547485, 19.78133201599121], "rotation": [0.11306355893611908, 0.698060929775238, -0.6979414820671082, 0.11316030472517014], "isTarget": false}}}