{"target": "alarmClock", "objects": {"spoon": {"position": [16.470233917236328, 0.3678373098373413, 3.269904851913452], "rotation": [-0.6999762058258057, 0.10015755891799927, 0.1001560166478157, 0.6999789476394653], "isTarget": false}, "apple": {"position": [22.870664596557617, 1.57020103931427, 6.606616020202637], "rotation": [-0.00011162882583448663, 0.6176616549491882, -1.6052727005444467e-05, 0.7864438891410828], "isTarget": false}, "alarmClock": {"position": [0.32542484998703003, 1.8093876838684082, -3.669966220855713], "rotation": [0.7036095857620239, -0.0714326873421669, 0.0712984949350357, 0.7033828496932983], "isTarget": true}, "backpack": {"position": [0.640541136264801, 0.6671129465103149, 21.5106143951416], "rotation": [0.43237441778182983, 0.4334363341331482, 0.5595102310180664, 0.5586891174316406], "isTarget": false}, "baseballGlove": {"position": [29.771568298339844, 1.2936949729919434, 19.733524322509766], "rotation": [7.431289850501344e-05, 0.5751659870147705, 1.3452347047859803e-05, 0.818036675453186], "isTarget": false}, "book": {"position": [0.33151495456695557, 1.287811279296875, 27.22988510131836], "rotation": [1.378913930238923e-05, -0.007024296093732119, 8.115451055346057e-05, 0.9999752640724182], "isTarget": false}, "umbrella": {"position": [6.180262088775635, 2.8910937309265137, -7.471426963806152], "rotation": [0.21047711372375488, 0.5451425313949585, 0.4341982305049896, 0.6855587959289551], "isTarget": false}, "phone": {"position": [34.188629150390625, 1.3015084266662598, 28.596515655517578], "rotation": [-0.00015191876445896924, 0.8436394929885864, 5.797348785563372e-05, 0.5369099974632263], "isTarget": false}, "teddy": {"position": [-3.2382540702819824, 2.1830642223358154, 0.029641680419445038], "rotation": [-0.13403257727622986, 0.6803333163261414, -0.13569501042366028, 0.7076501250267029], "isTarget": false}, "banana": {"position": [3.686001777648926, 2.2841339111328125, 2.5728840827941895], "rotation": [0.022608032450079918, 0.010696742683649063, 0.9021517038345337, 0.4306933581829071], "isTarget": false}, "keys": {"position": [-2.73097562789917, 1.368964672088623, 23.950674057006836], "rotation": [0.7761584520339966, 0.0043766130693256855, -0.6304989457130432, 0.005471736658364534], "isTarget": false}, "eyeglasses": {"position": [23.02984046936035, 1.4478014707565308, 0.2708631753921509], "rotation": [0.0009456367697566748, 0.6530989408493042, -0.0008070984622463584, 0.7572715878486633], "isTarget": false}, "handbag": {"position": [34.22840118408203, 1.7496917247772217, 26.58572006225586], "rotation": [-0.33761826157569885, -0.6212013959884644, -0.621349573135376, 0.33770909905433655], "isTarget": false}, "pottedPlant": {"position": [20.033092498779297, 1.130936861038208, 7.566652297973633], "rotation": [0.5838131308555603, -0.5838153958320618, 0.3989482820034027, -0.3989511728286743], "isTarget": false}}}