{"target": "eyeglasses", "objects": {"book": {"position": [23.53911781311035, 1.2878085374832153, 0.43916329741477966], "rotation": [2.299088919244241e-05, 0.0009777696104720235, 1.1351620742061641e-05, 0.999999463558197], "isTarget": false}, "umbrella": {"position": [-3.367927074432373, 2.886211395263672, 0.47803840041160583], "rotation": [-0.011086168698966503, 0.9541805386543274, -0.2952077388763428, 0.047634344547986984], "isTarget": false}, "spoon": {"position": [13.561868667602539, 1.3333759307861328, 8.588008880615234], "rotation": [0.00039166095666587353, -4.015012109448435e-06, 0.984813392162323, 0.17361575365066528], "isTarget": false}, "apple": {"position": [3.6529147624969482, 1.5702677965164185, 3.158421516418457], "rotation": [-9.131206752499565e-05, -0.00012586709635797888, -8.696118311490864e-05, 0.9999999403953552], "isTarget": false}, "banana": {"position": [24.19711685180664, 1.441573977470398, 19.62122917175293], "rotation": [-0.012816165573894978, -0.03652489557862282, 0.33318039774894714, 0.9420681595802307], "isTarget": false}, "keys": {"position": [23.079618453979492, 1.342738389968872, 6.962831020355225], "rotation": [-0.0010346343042328954, 0.00017249156371690333, -0.0011892645852640271, 0.9999986886978149], "isTarget": false}, "teddy": {"position": [-0.08785925060510635, 2.183079242706299, -2.4074621200561523], "rotation": [4.106876440346241e-05, -0.010339935310184956, -0.19099722802639008, 0.9815360903739929], "isTarget": false}, "baseballGlove": {"position": [0.48414918780326843, 1.2937123775482178, 21.576881408691406], "rotation": [-3.453909084782936e-05, 9.309034794569016e-05, 5.227219298831187e-05, 0.9999999403953552], "isTarget": false}, "backpack": {"position": [29.763729095458984, -3.2721006870269775, 19.53805923461914], "rotation": [0.056277137249708176, -0.04302632436156273, 0.002503876108676195, 0.9974845051765442], "isTarget": false}, "alarmClock": {"position": [33.87783432006836, 0.11818601191043854, 26.475061416625977], "rotation": [0.17022283375263214, -0.014346563257277012, 0.002881184220314026, 0.985296905040741], "isTarget": false}, "phone": {"position": [-2.880659341812134, 1.3014440536499023, 24.416284561157227], "rotation": [0.00030002620769664645, 0.00037864185287617147, 0.00013866146036889404, 0.9999998211860657], "isTarget": false}, "pottedPlant": {"position": [7.514718055725098, 1.2971729040145874, -23.939908981323242], "rotation": [-4.2416966607561335e-05, -0.00603868905454874, -6.339780520647764e-05, 0.999981701374054], "isTarget": false}, "handbag": {"position": [33.87329864501953, 1.7495795488357544, 28.142410278320312], "rotation": [-0.7070363759994507, 0.0008758452022448182, 0.0007689918274991214, 0.7071762084960938], "isTarget": false}, "eyeglasses": {"position": [4.276956558227539, 0.12289193272590637, -8.109245300292969], "rotation": [-0.9980164170265198, -2.179778675781563e-06, -0.06295347213745117, 3.2884938264032826e-05], "isTarget": true}}}