{"target": "phone", "objects": {"book": {"position": [0.6525335311889648, 1.2520160675048828, 20.966283798217773], "rotation": [-0.0039504519663751125, 0.00023536098888143897, -0.008602844551205635, 0.9999551773071289], "isTarget": false}, "umbrella": {"position": [21.49424171447754, 1.6205674409866333, 4.43536376953125], "rotation": [0.05572967976331711, -0.24615266919136047, 0.12277519702911377, -0.9598069190979004], "isTarget": false}, "alarmClock": {"position": [6.412996292114258, 0.5203450918197632, -6.536088466644287], "rotation": [0.9849769473075867, -0.001876763766631484, 0.010612248443067074, 0.17234939336776733], "isTarget": false}, "apple": {"position": [33.43509292602539, 1.5702474117279053, 26.066953659057617], "rotation": [7.041788194328547e-05, -0.02974584512412548, -3.5200893762521446e-05, 0.9995574951171875], "isTarget": false}, "backpack": {"position": [23.020862579345703, 0.5117993950843811, -3.326460123062134], "rotation": [0.7082952260971069, 0.0005988809280097485, 0.0005969335907138884, 0.7059158086776733], "isTarget": false}, "baseballGlove": {"position": [0.7611050009727478, 1.7076574563980103, 26.430072784423828], "rotation": [0.00032611313508823514, -0.0004918528138659894, -0.7071264982223511, 0.7070868015289307], "isTarget": false}, "keys": {"position": [22.894094467163086, 1.342976689338684, 7.049699783325195], "rotation": [-0.0018295414047315717, 0.005593874491751194, -0.00023245785268954933, 0.9999826550483704], "isTarget": false}, "banana": {"position": [-3.732865333557129, 1.5377593040466309, 24.428800582885742], "rotation": [-0.19814923405647278, 0.15526321530342102, 0.5972573161125183, 0.7615207433700562], "isTarget": false}, "teddy": {"position": [29.632598876953125, 2.1980063915252686, 19.636520385742188], "rotation": [0.018524663522839546, 0.03526526317000389, -0.21086694300174713, 0.9767028093338013], "isTarget": false}, "spoon": {"position": [6.446816444396973, 1.8722227811813354, -17.416847229003906], "rotation": [0.0005876983632333577, -0.0026342023629695177, -0.17358733713626862, 0.9848147630691528], "isTarget": false}, "handbag": {"position": [13.867555618286133, 0.32148224115371704, 7.07080078125], "rotation": [-2.3604566194990184e-06, 0.09166444838047028, 1.5500355630138074e-06, 0.9957899451255798], "isTarget": false}, "eyeglasses": {"position": [-0.3505893051624298, 1.447804570198059, -3.182732343673706], "rotation": [0.0003954061830881983, 0.9453578591346741, -0.0012044516624882817, 0.3260321021080017], "isTarget": false}, "pottedPlant": {"position": [32.65337371826172, 1.0639663934707642, 27.464763641357422], "rotation": [-0.05263228714466095, -0.05262896046042442, 0.7051447033882141, 0.7051460146903992], "isTarget": false}, "phone": {"position": [3.1856467723846436, 1.3014439344406128, 2.821861982345581], "rotation": [0.00029834499582648277, 0.00017235027917195112, -0.0001375701540382579, 0.9999999403953552], "isTarget": true}}}