{"target": "eyeglasses", "objects": {"umbrella": {"position": [6.6291608810424805, 2.900585889816284, -18.145906448364258], "rotation": [0.004333163145929575, 0.9261718392372131, 0.1430409997701645, 0.34889283776283264], "isTarget": false}, "eyeglasses": {"position": [24.444072723388672, 1.4477781057357788, 19.776620864868164], "rotation": [0.0003923703043255955, 0.9635345935821533, -0.001149347284808755, 0.26758113503456116], "isTarget": true}, "alarmClock": {"position": [15.680864334106445, 1.2905538082122803, 6.474966526031494], "rotation": [-0.00710407504811883, -0.00378853315487504, -0.00016480473277624696, 0.9999675750732422], "isTarget": false}, "pottedPlant": {"position": [0.4302182197570801, 1.2632625102996826, 25.03038215637207], "rotation": [0.6744867563247681, -0.21229365468025208, -0.2122945934534073, -0.6744849681854248], "isTarget": false}, "banana": {"position": [0.22386397421360016, 1.4459930658340454, -2.330864906311035], "rotation": [0.6376947164535522, 0.30544182658195496, 0.30570799112319946, -0.6376467347145081], "isTarget": false}, "keys": {"position": [6.627048969268799, 1.342678427696228, -7.683042049407959], "rotation": [-0.0008436916396021843, -0.0005706549854949117, -0.0014524363214150071, 0.9999983906745911], "isTarget": false}, "apple": {"position": [14.482401847839355, 1.570231318473816, 8.510977745056152], "rotation": [-5.9456113376654685e-05, -2.8980020942981355e-06, -8.491380140185356e-05, 0.9999999403953552], "isTarget": false}, "teddy": {"position": [22.887731552124023, 2.1830646991729736, -0.007167180068790913], "rotation": [-0.01652710698544979, 0.07224539667367935, -0.1901479810476303, 0.9789541363716125], "isTarget": false}, "handbag": {"position": [33.841583251953125, 1.601576566696167, 25.96267318725586], "rotation": [-0.00010624739661579952, 4.715935210697353e-05, -4.526202246779576e-05, 0.9999999403953552], "isTarget": false}, "spoon": {"position": [6.417638778686523, 2.0809826850891113, -23.24385643005371], "rotation": [0.010697359219193459, 0.015264083631336689, 0.5735061764717102, 0.8189891576766968], "isTarget": false}, "backpack": {"position": [33.657203674316406, 0.47059890627861023, 27.85820198059082], "rotation": [0.7067782282829285, -0.020309017971158028, 0.021535823121666908, 0.7068156003952026], "isTarget": false}, "book": {"position": [-3.6471829414367676, 1.2877957820892334, -0.27984946966171265], "rotation": [3.298530282336287e-05, -0.0040600192733109, 2.5545312382746488e-05, 0.999991774559021], "isTarget": false}, "baseballGlove": {"position": [29.97827911376953, 1.2936108112335205, 19.514955520629883], "rotation": [-4.2911673517664894e-05, -0.7339309453964233, 9.501272870693356e-05, 0.6792240142822266], "isTarget": false}, "phone": {"position": [-2.8012938499450684, 1.3014440536499023, 24.61428451538086], "rotation": [0.00029992288909852505, 1.7646461856202222e-06, 0.00013872668205294758, 0.9999998807907104], "isTarget": false}}}