{
  "objects": {
    "baseballGlove": {
      "position": [22.580856323242188, 1.2936491966247559, 7.688790798187256],
      "rotation": [
        0.00015217269537970424, 0.2587677538394928, -0.00012059092114213854,
        0.9659395813941956
      ]
    },
    "handbag": {
      "position": [7.696262836456299, 0.3213929831981659, -8.219603538513184],
      "rotation": [
        0.08607729524374008, -3.0855683235131437e-6, -0.9962884783744812,
        -8.460364711027069e-7
      ]
    },
    "alarmClock": {
      "position": [-3.474858283996582, 1.2902415990829468, 23.308074951171875],
      "rotation": [
        -0.007581448648124933, -8.704510946699884e-6, -0.0001488335255999118,
        0.9999712705612183
      ]
    },
    "teddy": {
      "position": [13.934643745422363, 1.7499319314956665, 8.140369415283203],
      "rotation": [
        0.6375775337219238, -0.33853766322135925, 0.6060242056846619,
        -0.33409857749938965
      ]
    },
    "apple": {
      "position": [0.4273141920566559, 1.5702588558197021, 21.331472396850586],
      "rotation": [
        -0.0001219779223902151, 0.38268160820007324, 7.182915578596294e-5,
        0.9238802790641785
      ]
    },
    "phone": {
      "position": [33.32725524902344, 1.301512360572815, 28.280500411987305],
      "rotation": [
        2.575816324679181e-5, 0.7071042656898499, -0.00022603580146096647,
        0.7071092128753662
      ]
    },
    "book": {
      "position": [22.976640701293945, 1.2478234767913818, 0.17719879746437073],
      "rotation": [
        -0.007690480910241604, 0.003732253098860383, 0.0017610675422474742,
        0.9999619126319885
      ]
    },
    "spoon": {
      "position": [3.176661491394043, 1.6481350660324097, 3.2137815952301025],
      "rotation": [
        -0.5130100250244141, -0.48661676049232483, -0.48657456040382385,
        0.5130984783172607
      ]
    },
    "keys": {
      "position": [33.995079040527344, 1.3429758548736572, 26.353618621826172],
      "rotation": [
        -0.0016976773040369153, -0.2586134970188141, -0.0007098215282894671,
        0.9659791588783264
      ]
    },
    "eyeglasses": {
      "position": [-0.2595634460449219, 1.4477863311767578, -3.620744228363037],
      "rotation": [
        -0.0003620590141508728, 0.9367454648017883, -0.001075830776244402,
        -0.3500094711780548
      ]
    },
    "umbrella": {
      "position": [1.1443480253219604, 2.8917462825775146, 26.156797409057617],
      "rotation": [
        0.20713824033737183, 0.19343334436416626, -0.682811975479126,
        0.6733832359313965
      ]
    },
    "pottedPlant": {
      "position": [6.666197776794434, 2.3166112899780273, -18.515762329101562],
      "rotation": [
        0.7039377689361572, -0.06717950105667114, 0.06724613904953003,
        0.7038725018501282
      ]
    },
    "backpack": {
      "position": [
        -2.434269905090332, 0.7468273639678955, -0.18670964241027832
      ],
      "rotation": [
        -0.08678092062473297, 0.0878964439034462, -0.7017611265182495,
        0.7016228437423706
      ]
    },
    "bannana": {
      "position": [28.790952682495117, 1.0040748119354248, 19.37332534790039],
      "rotation": [
        0.006157157011330128, 0.0029351976700127125, 0.9024026989936829,
        0.4308396577835083
      ]
    }
  }
}
