{"target": "baseballGlove", "objects": {"umbrella": {"position": [31.535808563232422, 1.6205809116363525, 26.27092933654785], "rotation": [0.00429833447560668, 0.9263156056404114, 0.14272718131542206, 0.34863999485969543], "isTarget": false}, "eyeglasses": {"position": [22.69139862060547, 1.4478243589401245, -0.07178216427564621], "rotation": [0.00053624645806849, 0.9013258814811707, -0.0011274551507085562, 0.43313977122306824], "isTarget": false}, "alarmClock": {"position": [-3.4739911556243896, 1.2901475429534912, 24.014482498168945], "rotation": [-0.007729814387857914, -0.0037720040418207645, -0.00015187702956609428, 0.9999629855155945], "isTarget": false}, "pottedPlant": {"position": [12.391762733459473, 1.9810173511505127, 5.072720050811768], "rotation": [-0.9794876575469971, -8.80750462783908e-07, 0.20150427520275116, 9.72958105194266e-07], "isTarget": false}, "banana": {"position": [-2.626370668411255, 0.16574691236019135, 2.1618599891662598], "rotation": [0.6376667022705078, 0.30558326840400696, 0.3055833876132965, -0.6376667022705078], "isTarget": false}, "keys": {"position": [15.904031753540039, 1.3426650762557983, 7.29810094833374], "rotation": [-0.0008010272867977619, -0.0005562896840274334, -0.0015067472122609615, 0.9999983310699463], "isTarget": false}, "apple": {"position": [2.4700675010681152, 1.5702184438705444, 3.014026165008545], "rotation": [6.526870129164308e-05, -4.292482117307372e-06, 0.00010488508269190788, 0.9999999403953552], "isTarget": false}, "teddy": {"position": [-1.3994394540786743, 0.9030090570449829, -2.3399407863616943], "rotation": [0.016290536150336266, -0.07087556272745132, 0.1900528073310852, -0.979076623916626], "isTarget": false}, "handbag": {"position": [11.198115348815918, 1.6015774011611938, -20.373680114746094], "rotation": [-0.0001064106763806194, 2.942286664620042e-05, -4.507324410951696e-05, 0.9999999403953552], "isTarget": false}, "spoon": {"position": [4.563977241516113, 0.781836748123169, -7.67588996887207], "rotation": [0.0011830030707642436, 0.0016683191061019897, 0.5921470522880554, 0.805827260017395], "isTarget": false}, "backpack": {"position": [29.556447982788086, 0.49057912826538086, 20.43707847595215], "rotation": [0.7067769169807434, -0.020309658721089363, 0.02153930999338627, 0.7068167924880981], "isTarget": false}, "book": {"position": [23.238056182861328, 1.2502776384353638, 6.764005661010742], "rotation": [-0.0010063081281259656, -0.0020073573105037212, -0.002328411443158984, 0.9999947547912598], "isTarget": false}, "baseballGlove": {"position": [33.0323600769043, 0.01353694498538971, 24.093093872070312], "rotation": [-1.1633622989393189e-06, -0.8054035902023315, -1.8633647869137349e-06, 0.5927267670631409], "isTarget": true}, "phone": {"position": [0.8211640119552612, 1.3014439344406128, 27.391170501708984], "rotation": [0.00029777977033518255, -3.4624117688508704e-06, -0.00013767951168119907, 0.9999999403953552], "isTarget": false}}}