{"target": "baseballGlove", "objects": {"book": {"position": [-3.526799440383911, 1.2878082990646362, 23.986440658569336], "rotation": [2.372395283600781e-05, 0.0003311645705252886, -1.2776403309544548e-05, 0.9999998807907104], "isTarget": false}, "umbrella": {"position": [23.115190505981445, 2.8966405391693115, 0.8008900284767151], "rotation": [0, 0, 0, 1], "isTarget": false}, "spoon": {"position": [23.216156005859375, 1.3333899974822998, 6.763775825500488], "rotation": [0.010757857002317905, 0.001825478277169168, 0.9847432971000671, 0.17367082834243774], "isTarget": false}, "apple": {"position": [30.50434112548828, 1.570225477218628, 20.044639587402344], "rotation": [5.365193646866828e-05, -5.2584364311769605e-06, -0.00011961974814767018, 0.9999999403953552], "isTarget": false}, "banana": {"position": [16.45816421508789, 1.4416253566741943, 7.3917412757873535], "rotation": [-0.013091793283820152, -0.03645788133144379, 0.33319705724716187, 0.9420611262321472], "isTarget": false}, "keys": {"position": [0.6559058427810669, 1.3426710367202759, 27.387548446655273], "rotation": [-0.0008212003740482032, 5.332989530870691e-05, -0.001481668557971716, 0.9999985098838806], "isTarget": false}, "teddy": {"position": [23.60549545288086, 2.1830685138702393, 20.35115623474121], "rotation": [-0.0017651289235800505, -0.004109002184122801, -0.19073905050754547, 0.9816305637359619], "isTarget": false}, "baseballGlove": {"position": [3.0133559703826904, 1.2936029434204102, 3.499739408493042], "rotation": [8.806717960396782e-05, -1.628519271434925e-06, -5.4858814110048115e-05, 0.9999999403953552], "isTarget": true}, "backpack": {"position": [10.640310287475586, -3.2721078395843506, -20.776752471923828], "rotation": [0.05633336305618286, -0.00042605746421031654, 0.00014449468289967626, 0.9984119534492493], "isTarget": false}, "alarmClock": {"position": [6.423367023468018, 1.290518045425415, -7.801505088806152], "rotation": [-0.007144663017243147, -0.008816516026854515, 6.148501415736973e-05, 0.9999356269836426], "isTarget": false}, "phone": {"position": [7.14747428894043, 1.3014440536499023, -23.92466926574707], "rotation": [0.00029993525822646916, 7.172281129896874e-06, 0.00013872025010641664, 0.9999998807907104], "isTarget": false}, "pottedPlant": {"position": [33.635223388671875, 1.2972513437271118, 27.69727325439453], "rotation": [1.4622786693507805e-05, 0.004585043992847204, 2.1352345356717706e-05, 0.9999894499778748], "isTarget": false}, "handbag": {"position": [33.3577880859375, 0.46952205896377563, 24.58039665222168], "rotation": [-0.7071078419685364, 0.0008425147971138358, 0.0008428786532022059, 0.7071046829223633], "isTarget": false}, "eyeglasses": {"position": [0.6972546577453613, 1.44773268699646, -3.583991050720215], "rotation": [0.0009214220917783678, 0.7636861205101013, -0.000945942709222436, 0.645586371421814], "isTarget": false}}}