{
    "target": "apple",
    "objects": {
        "banana": {
            "position": [
                1.4640140533447266,
                2.2840819358825684,
                27.02519416809082
            ],
            "rotation": [
                0.0076994928531348705,
                0.0035771585535258055,
                0.902379035949707,
                0.43085962533950806
            ],
            "isTarget": false
        },
        "alarmClock": {
            "position": [
                -3.3884024620056152,
                0.983551025390625,
                24.500835418701172
            ],
            "rotation": [
                -0.5246966481208801,
                -0.4640349745750427,
                -0.4244641661643982,
                0.5737552046775818
            ],
            "isTarget": false
        },
        "phone": {
            "position": [
                -0.2196926474571228,
                1.3014445304870605,
                -3.064762830734253
            ],
            "rotation": [
                -4.255002204445191e-05,
                0.8422372341156006,
                0.00032382295466959476,
                0.5391069054603577
            ],
            "isTarget": false
        },
        "umbrella": {
            "position": [
                20.24479103088379,
                1.6173510551452637,
                7.271599769592285
            ],
            "rotation": [
                0.28512102365493774,
                0.7834254503250122,
                0.4214625358581543,
                0.356819212436676
            ],
            "isTarget": false
        },
        "spoon": {
            "position": [
                0.23619356751441956,
                1.6480634212493896,
                20.4877986907959
            ],
            "rotation": [
                -0.6605839729309082,
                -0.25208449363708496,
                -0.2521234452724457,
                0.6606935858726501
            ],
            "isTarget": false
        },
        "apple": {
            "position": [
                13.33109188079834,
                1.5703198909759521,
                8.467488288879395
            ],
            "rotation": [
                -4.380620157462545e-05,
                0.6398049592971802,
                3.1514464353676885e-05,
                0.7685372829437256
            ],
            "isTarget": true
        },
        "backpack": {
            "position": [
                24.4757080078125,
                -3.2720940113067627,
                19.889001846313477
            ],
            "rotation": [
                0.03647517412900925,
                -0.7601450085639954,
                0.04294561222195625,
                0.6473057866096497
            ],
            "isTarget": false
        },
        "pottedPlant": {
            "position": [
                6.348006725311279,
                2.344132900238037,
                -22.962560653686523
            ],
            "rotation": [
                0.5000259876251221,
                0.5000419020652771,
                -0.4999748766422272,
                -0.4999571740627289
            ],
            "isTarget": false
        },
        "teddy": {
            "position": [
                10.637572288513184,
                1.812327265739441,
                -20.12693214416504
            ],
            "rotation": [
                0.7177459597587585,
                0.18541763722896576,
                0.6485929489135742,
                0.17259249091148376
            ],
            "isTarget": false
        },
        "keys": {
            "position": [
                22.609514236450195,
                1.3427684307098389,
                0.6715835332870483
            ],
            "rotation": [
                -0.0005274642608128488,
                -0.45191481709480286,
                -0.001460965839214623,
                0.8920597434043884
            ],
            "isTarget": false
        },
        "handbag": {
            "position": [
                34.37171936035156,
                1.1641533374786377,
                28.05557632446289
            ],
            "rotation": [
                -0.04358261078596115,
                0.7058393955230713,
                -0.7056881785392761,
                -0.04353742673993111
            ],
            "isTarget": false
        },
        "eyeglasses": {
            "position": [
                2.9146769046783447,
                1.447784185409546,
                3.0823700428009033
            ],
            "rotation": [
                0.0003081612812820822,
                0.9766210913658142,
                -0.00119419873226434,
                0.21496440470218658
            ],
            "isTarget": false
        },
        "baseballGlove": {
            "position": [
                -2.6764075756073,
                1.293718695640564,
                0.30889761447906494
            ],
            "rotation": [
                -2.9188962798798457e-05,
                0.49093663692474365,
                5.6168919400079176e-05,
                0.8711952567100525
            ],
            "isTarget": false
        },
        "book": {
            "position": [
                22.675128936767578,
                1.250886082649231,
                6.3714189529418945
            ],
            "rotation": [
                -0.020972508937120438,
                0.005798687692731619,
                -7.896839088061824e-05,
                0.9997631907463074
            ],
            "isTarget": false
        }
    }
}