{"target": "keys", "objects": {"phone": {"position": [-0.21969139575958252, 1.3014439344406128, -3.0647642612457275], "rotation": [4.450308551895432e-05, 0.8422379493713379, -0.000325187633279711, 0.5391057729721069], "isTarget": false}, "baseballGlove": {"position": [-2.676407814025879, 1.293715238571167, 0.30889275670051575], "rotation": [-7.510220166295767e-05, 0.49093666672706604, -1.686079122009687e-05, 0.8711952567100525], "isTarget": false}, "eyeglasses": {"position": [2.9146556854248047, 1.447801113128662, 3.0823686122894287], "rotation": [0.000235339452046901, 0.9766210913658142, -0.001181487343274057, 0.21496453881263733], "isTarget": false}, "keys": {"position": [22.60951042175293, 1.3426281213760376, 0.6716430187225342], "rotation": [6.482034950749949e-05, -0.4519138038158417, -0.0018075697589665651, 0.8920597434043884], "isTarget": true}, "book": {"position": [22.67526626586914, 1.2520231008529663, 6.371400356292725], "rotation": [-0.015298327431082726, 0.00648240651935339, 0.0033921159338206053, 0.9998562335968018], "isTarget": false}, "alarmClock": {"position": [-3.388455390930176, 0.9836047291755676, 24.501026153564453], "rotation": [-0.5249210596084595, -0.4641297459602356, -0.42436352372169495, 0.5735478401184082], "isTarget": false}, "backpack": {"position": [24.47561264038086, -3.2721121311187744, 19.889497756958008], "rotation": [0.03643269091844559, -0.7601434588432312, 0.04297995939850807, 0.6473076939582825], "isTarget": false}, "banana": {"position": [1.463905930519104, 2.284120559692383, 27.02484703063965], "rotation": [0.0076201241463422775, 0.0037419151049107313, 0.902402937412262, 0.43080952763557434], "isTarget": false}, "apple": {"position": [13.331005096435547, 1.5702729225158691, 8.467443466186523], "rotation": [-0.00021489086793735623, 0.6398041844367981, 0.00010419618774903938, 0.7685379385948181], "isTarget": false}, "handbag": {"position": [34.37172317504883, 1.1642260551452637, 28.055618286132812], "rotation": [-0.04358135536313057, 0.7057063579559326, -0.7058213353157043, -0.04353637620806694], "isTarget": false}, "pottedPlant": {"position": [6.347969055175781, 2.3441712856292725, -22.962656021118164], "rotation": [0.500041127204895, 0.5000266432762146, -0.5000087022781372, -0.4999234974384308], "isTarget": false}, "spoon": {"position": [0.23614376783370972, 1.6481236219406128, 20.487794876098633], "rotation": [-0.6605688333511353, -0.252130925655365, -0.25207632780075073, 0.6607089638710022], "isTarget": false}, "teddy": {"position": [10.637534141540527, 1.8123160600662231, -20.126916885375977], "rotation": [0.7177408933639526, 0.18543501198291779, 0.6486033201217651, 0.17255574464797974], "isTarget": false}, "umbrella": {"position": [20.24479103088379, 1.6173510551452637, 7.271599769592285], "rotation": [0.28512102365493774, 0.7834254503250122, 0.4214625358581543, 0.356819212436676], "isTarget": false}}}