{"target": "keys", "objects": {"umbrella": {"position": [29.99962043762207, 1.6371586322784424, 27.37401580810547], "rotation": [0.4259176552295685, 0.5453219413757324, 0.5759362578392029, -0.43533387780189514], "isTarget": false}, "eyeglasses": {"position": [-3.13752818107605, 1.4478247165679932, -0.6810852885246277], "rotation": [0.0007993366452865303, 0.75840163230896, -0.0009584659710526466, 0.6517862677574158], "isTarget": false}, "alarmClock": {"position": [-2.443986177444458, 1.2908860445022583, 24.06601333618164], "rotation": [-0.00664145965129137, -0.0068867928348481655, -0.00011011600872734562, 0.9999541640281677], "isTarget": false}, "pottedPlant": {"position": [13.774727821350098, 1.2971957921981812, 7.996630668640137], "rotation": [1.4422514141188003e-05, 0.0015589208342134953, -1.047619753080653e-05, 0.9999988079071045], "isTarget": false}, "banana": {"position": [34.344844818115234, 0.16574594378471375, 23.878829956054688], "rotation": [-0.324095219373703, 0.6284615397453308, 0.6284599900245667, 0.324093222618103], "isTarget": false}, "keys": {"position": [23.231298446655273, 1.3428230285644531, 6.510824203491211], "rotation": [-0.001530387089587748, 0.024823114275932312, -0.0007373996777459979, 0.9996904134750366], "isTarget": true}, "apple": {"position": [34.58280944824219, 1.5702245235443115, 28.40913963317871], "rotation": [-4.952428935212083e-05, -8.792929293122143e-06, -0.00014905296848155558, 0.9999999403953552], "isTarget": false}, "teddy": {"position": [6.423806667327881, 2.1830642223358154, -8.238730430603027], "rotation": [-0.0027894198428839445, 0.001094570616260171, -0.1907094568014145, 0.981641948223114], "isTarget": false}, "handbag": {"position": [1.1331872940063477, 1.6015771627426147, 27.597990036010742], "rotation": [-0.00010647994349710643, 7.139054559957003e-06, -4.543708564597182e-05, 0.9999999403953552], "isTarget": false}, "spoon": {"position": [6.605990409851074, 1.87228524684906, -23.075695037841797], "rotation": [0.0005007858853787184, -0.0034918379969894886, -0.17364896833896637, 0.9848012924194336], "isTarget": false}, "backpack": {"position": [11.329201698303223, -4.5521674156188965, -22.878971099853516], "rotation": [0.05632123723626137, 0.001228353357873857, 2.9783286663587205e-05, 0.9984119534492493], "isTarget": false}, "book": {"position": [6.4149298667907715, 1.2878097295761108, -18.58687400817871], "rotation": [8.813946624286473e-05, -0.0018105884082615376, 8.482745215587784e-06, 0.9999983310699463], "isTarget": false}, "baseballGlove": {"position": [15.773147583007812, 1.293665885925293, 6.330479621887207], "rotation": [-0.00036402847035788, 0.10917925834655762, -0.00012302017421461642, 0.9940219521522522], "isTarget": false}, "phone": {"position": [-0.3772068917751312, 1.3014440536499023, 21.06768035888672], "rotation": [0.00029995368095114827, 1.3269871033116942e-06, 0.00013872598356101662, 0.9999998807907104], "isTarget": false}}}