{
  "target": "alarmClock",
  "objects": {
    "spoon": {
      "position": [22.614686965942383, 1.8722907304763794, 6.77310848236084],
      "rotation": [
        -0.06606291234493256, 0.3744726777076721, -0.16055689752101898,
        0.910838782787323
      ],
      "isTarget": false
    },
    "banana": {
      "position": [24.43477439880371, 1.4460147619247437, 20.430286407470703],
      "rotation": [
        0.6702917814254761, -0.22516195476055145, -0.22530587017536163,
        -0.6702598929405212
      ],
      "isTarget": false
    },
    "eyeglasses": {
      "position": [1.2066624164581299, 1.447778582572937, 27.13230323791504],
      "rotation": [
        0.0006931150564923882, -0.7939459681510925, 0.0010131392627954483,
        0.6079870462417603
      ],
      "isTarget": false
    },
    "book": {
      "position": [-3.226367235183716, 1.2489173412322998, 24.098365783691406],
      "rotation": [
        0.0012542431941255927, 0.00038712084642611444, -0.0052858442068099976,
        0.9999850988388062
      ],
      "isTarget": false
    },
    "umbrella": {
      "position": [0.3299310505390167, 2.8966405391693115, 21.36492919921875],
      "rotation": [0, 0.3826833963394165, 0, 0.9238795638084412],
      "isTarget": false
    },
    "baseballGlove": {
      "position": [2.8617427349090576, 1.7864302396774292, 3.3657994270324707],
      "rotation": [
        0.9985641241073608, -6.9726440415252e-5, -0.05356922000646591,
        -7.999603258213028e-5
      ],
      "isTarget": false
    },
    "handbag": {
      "position": [33.93400955200195, 1.6015769243240356, 25.983999252319336],
      "rotation": [
        -9.555694123264402e-5, -0.1950715035200119, -6.525731441797689e-5,
        0.9807890057563782
      ],
      "isTarget": false
    },
    "teddy": {
      "position": [7.2467780113220215, 2.1830642223358154, -18.29481315612793],
      "rotation": [
        -0.10741104185581207, 0.5418038368225098, -0.15761011838912964,
        0.8185783624649048
      ],
      "isTarget": false
    },
    "apple": {
      "position": [34.45649337768555, 1.5702667236328125, 27.308029174804688],
      "rotation": [
        -0.00019578255887608975, 0.3822401165962219, -0.00015237453044392169,
        0.924062967300415
      ],
      "isTarget": false
    },
    "phone": {
      "position": [22.970849990844727, 1.3014439344406128, 0.5239948034286499],
      "rotation": [
        0.0001135092752519995, 0.7072454690933228, -0.00030817085644230247,
        0.7069679498672485
      ],
      "isTarget": false
    },
    "alarmClock": {
      "position": [5.965295314788818, 0.529304563999176, -6.845984935760498],
      "rotation": [
        0.7068862915039062, 0.01821848936378956, -0.018219253048300743,
        0.7068578004837036
      ],
      "isTarget": true
    },
    "pottedPlant": {
      "position": [
        -2.7564074993133545, 3.2611634731292725, 0.20891696214675903
      ],
      "rotation": [
        0.04730161279439926, 2.5797093258006498e-5, -0.9988806247711182,
        -3.047623522434151e-7
      ],
      "isTarget": false
    },
    "keys": {
      "position": [29.47780990600586, 1.3689205646514893, 20.612634658813477],
      "rotation": [
        0.900451123714447, 0.008891060948371887, -0.43448618054389954,
        0.018178563565015793
      ],
      "isTarget": false
    },
    "backpack": {
      "position": [-2.2876741886138916, 0.4905925691127777, -5.664258003234863],
      "rotation": [
        0.6924391984939575, 0.1444762945175171, -0.1432715803384781,
        0.6921905875205994
      ],
      "isTarget": false
    }
  }
}
