{
  "target": "apple",
  "objects": {
    "keys": {
      "position": [
        0.11473526805639267, 0.12391768395900726, 27.139537811279297
      ],
      "rotation": [
        -0.06162698566913605, 0.8217372298240662, 0.09049831330776215,
        0.5592495799064636
      ]
    },
    "pottedPlant": {
      "position": [30.87811851501465, 0.01703425869345665, 25.91386604309082],
      "rotation": [
        -2.2335566427500453e-6, -0.6339833736419678, -8.235923587562866e-7,
        0.7733466625213623
      ]
    },
    "umbrella": {
      "position": [11.308472633361816, 2.9135000705718994, -20.81873893737793],
      "rotation": [
        -0.3700304329395294, 0.6598424315452576, 0.1693793535232544,
        0.6316613554954529
      ]
    },
    "bannana": {
      "position": [21.21897315979004, 0.8184103965759277, 7.050507545471191],
      "rotation": [
        0.01627258211374283, -0.005751735996454954, 0.9426261782646179,
        -0.333403617143631
      ]
    },
    "handbag": {
      "position": [22.62519645690918, 1.6015770435333252, 1.15675687789917],
      "rotation": [
        -9.618316835258156e-5, -0.1950620710849762, -6.514412234537303e-5,
        0.9807908535003662
      ]
    },
    "book": {
      "position": [13.948404312133789, 1.2540309429168701, 8.181411743164062],
      "rotation": [
        0.00022599384828936309, -0.0002515088126529008, 0.0008306834497489035,
        0.9999995827674866
      ]
    },
    "spoon": {
      "position": [-4.775497913360596, 0.05331915244460106, 0.1290818154811859],
      "rotation": [
        -0.5500867962837219, -0.09699448198080063, 0.8168542385101318,
        0.14403380453586578
      ]
    },
    "alarmClock": {
      "position": [5.9046125411987305, 1.2904452085494995, -8.420598983764648],
      "rotation": [
        -0.007255446631461382, -3.1192732421914116e-5, 0.0001325687626376748,
        0.9999736547470093
      ]
    },
    "phone": {
      "position": [7.6898908615112305, 1.3015663623809814, -17.46596336364746],
      "rotation": [
        -0.00015582745254505426, 0.7071049213409424, -4.771937528857961e-5,
        0.7071085572242737
      ]
    },
    "baseballGlove": {
      "position": [7.108782768249512, 1.2936797142028809, -23.241348266601562],
      "rotation": [
        -5.2216975745977834e-5, 0.258820503950119, 5.694105857401155e-5,
        0.965925395488739
      ]
    },
    "apple": {
      "position": [33.00204086303711, 0.30903035402297974, 24.229494094848633],
      "rotation": [
        -0.5513968467712402, -0.551400363445282, -0.44267356395721436,
        -0.4426727890968323
      ]
    },
    "backpack": {
      "position": [0.3007846474647522, 6.529573917388916, 23.236299514770508],
      "rotation": [
        0.9936515688896179, -0.0015090773813426495, 0.11166021227836609,
        0.01364734023809433
      ]
    },
    "teddy": {
      "position": [
        -0.22851234674453735, 2.1831119060516357, -2.624654531478882
      ],
      "rotation": [
        -0.09705997258424759, 0.4936659634113312, -0.16491267085075378,
        0.8483377695083618
      ]
    },
    "eyeglasses": {
      "position": [29.701946258544922, 1.4477767944335938, 19.625398635864258],
      "rotation": [
        -0.0003546393709257245, 0.9405372142791748, -0.0011652474058791995,
        -0.33968842029571533
      ]
    }
  }
}
