{"target": "phone", "objects": {"baseballGlove": {"position": [34.56201934814453, 1.2936179637908936, 28.17871856689453], "rotation": [3.6235414881957695e-05, -0.0019874225836247206, -0.00016072893049567938, 0.9999979734420776], "isTarget": false}, "phone": {"position": [5.772210121154785, 1.3014439344406128, -8.068436622619629], "rotation": [0.0002981928701046854, 0.00012189422704977915, -0.00013756110274698585, 0.9999999403953552], "isTarget": true}, "apple": {"position": [6.707616329193115, 1.5702017545700073, -18.210988998413086], "rotation": [8.126949978759512e-05, -4.129724857193651e-06, 7.811788964318112e-05, 0.9999999403953552], "isTarget": false}, "spoon": {"position": [33.904258728027344, 1.6481119394302368, 25.72114372253418], "rotation": [-0.6630640625953674, 0.24542130529880524, 0.24526214599609375, 0.6632954478263855], "isTarget": false}, "book": {"position": [13.994068145751953, 1.2492575645446777, 8.295907974243164], "rotation": [-0.0020378767512738705, -9.306562424171716e-05, -0.0025217130314558744, 0.9999947547912598], "isTarget": false}, "umbrella": {"position": [-3.177104949951172, 2.9065325260162354, 0.09868044406175613], "rotation": [-0.0010478370822966099, -0.003325089579448104, -0.4810061454772949, 0.8767102360725403], "isTarget": false}, "eyeglasses": {"position": [7.438693523406982, 1.447778344154358, -23.95083236694336], "rotation": [0.00032176883541978896, 0.9780019521713257, -0.0011711614206433296, 0.20859216153621674], "isTarget": false}, "backpack": {"position": [15.819172859191895, 0.8460114002227783, 10.579795837402344], "rotation": [-0.7070648670196533, 0.008968905545771122, 0.007743860594928265, 0.7070494294166565], "isTarget": false}, "teddy": {"position": [22.687774658203125, 0.6375301480293274, 8.143712997436523], "rotation": [-0.2918778657913208, -0.5474594235420227, 0.6842900514602661, -0.3832003176212311], "isTarget": false}, "handbag": {"position": [10.562506675720215, 1.601480484008789, -20.113243103027344], "rotation": [9.170368139166385e-05, 1.0439061043143738e-05, 4.5312975998967886e-05, 0.9999999403953552], "isTarget": false}, "banana": {"position": [23.60331916809082, 2.284147024154663, 0.3343278169631958], "rotation": [-0.11537522822618484, -0.05517489090561867, 0.8950367569923401, 0.4272627830505371], "isTarget": false}, "keys": {"position": [24.368900299072266, 1.4773603677749634, 19.497161865234375], "rotation": [0.6764951944351196, -0.4273216724395752, -0.20447155833244324, 0.563863217830658], "isTarget": false}, "alarmClock": {"position": [3.4341225624084473, 1.2906557321548462, 2.3106489181518555], "rotation": [-0.0069406405091285706, -0.0002770578139461577, 0.00010339418076910079, 0.999975860118866], "isTarget": false}, "pottedPlant": {"position": [-0.06101285293698311, 1.297190546989441, 21.08598518371582], "rotation": [-1.956694723048713e-05, 3.7580197385977954e-05, -1.361426620860584e-05, 0.9999999403953552], "isTarget": false}}}