{"target": "pottedPlant", "objects": {"umbrella": {"position": [23.116199493408203, 2.9171571731567383, 1.0244767665863037], "rotation": [0.4259112477302551, 0.5453131794929504, 0.5759443044662476, -0.4353404939174652], "isTarget": false}, "eyeglasses": {"position": [-3.0581953525543213, 0.14279238879680634, 26.01297950744629], "rotation": [0.04570290818810463, 6.316492363112047e-05, 0.9989550709724426, -2.7013509225071175e-06], "isTarget": false}, "alarmClock": {"position": [-0.6537391543388367, 1.2909430265426636, 21.071496963500977], "rotation": [-0.006575272884219885, -0.0037640263326466084, 1.1100961273768917e-05, 0.9999712705612183], "isTarget": false}, "pottedPlant": {"position": [13.06358814239502, 1.2632611989974976, 6.449075698852539], "rotation": [-0.6773095726966858, 0.20310494303703308, 0.20310701429843903, 0.6773091554641724], "isTarget": true}, "banana": {"position": [-4.8555402755737305, 0.14994801580905914, -0.675841212272644], "rotation": [-0.6359769701957703, -0.30908435583114624, 0.30908429622650146, -0.6359772682189941], "isTarget": false}, "keys": {"position": [6.4446210861206055, 1.3428163528442383, -18.064308166503906], "rotation": [-0.0013119442155584693, -0.0005617086426354945, -0.0008579359855502844, 0.9999986290931702], "isTarget": false}, "apple": {"position": [1.501240611076355, 1.5702199935913086, 27.401073455810547], "rotation": [7.955938781378791e-05, -8.497393537254538e-06, 7.093827298376709e-05, 0.9999999403953552], "isTarget": false}, "teddy": {"position": [28.480186462402344, 0.6014760136604309, 19.870269775390625], "rotation": [-0.08766012638807297, 0.09889271855354309, 0.5058193802833557, 0.8524568676948547], "isTarget": false}, "handbag": {"position": [7.131668567657471, 1.6015770435333252, -23.21800422668457], "rotation": [-0.00010639261017786339, 2.567923911556136e-05, -4.507458288571797e-05, 0.9999999403953552], "isTarget": false}, "spoon": {"position": [5.639288425445557, 1.8722076416015625, -7.622796535491943], "rotation": [0.0007188134477473795, -0.0034531198907643557, -0.17360948026180267, 0.9848082065582275], "isTarget": false}, "backpack": {"position": [34.0665168762207, -2.3568966388702393, 23.87088966369629], "rotation": [0.3199418783187866, 0.000847516639623791, 0.00028073255089111626, 0.9474366903305054], "isTarget": false}, "book": {"position": [11.426276206970215, 1.2545702457427979, -20.090986251831055], "rotation": [-0.0036106586921960115, -0.0020044322591274977, -0.001093597267754376, 0.9999908804893494], "isTarget": false}, "baseballGlove": {"position": [23.228763580322266, 1.2935820817947388, 6.833237648010254], "rotation": [7.64657452236861e-05, 0.10916773974895477, 5.785917164757848e-05, 0.994023323059082], "isTarget": false}, "phone": {"position": [24.351106643676758, 1.3014849424362183, 19.34332847595215], "rotation": [0.00024992041289806366, 1.705176146060694e-05, -0.00013958940689917654, 0.9999999403953552], "isTarget": false}}}