{"target": "alarmClock", "objects": {"apple": {"position": [0.7934181690216064, 1.570209264755249, 26.329116821289062], "rotation": [-0.00032693397952243686, 0.00018506731430534273, 7.389709026028868e-06, 0.9999999403953552], "isTarget": false}, "handbag": {"position": [22.325927734375, 0.4695214033126831, -0.6908433437347412], "rotation": [-0.7071062326431274, -0.00016070761193986982, -0.0001615396759007126, 0.7071072459220886], "isTarget": false}, "banana": {"position": [24.620542526245117, 1.441569447517395, 20.183555603027344], "rotation": [-0.010864959098398685, -0.030423054471611977, 0.33324766159057617, 0.9422856569290161], "isTarget": false}, "pottedPlant": {"position": [33.427249908447266, 1.2972168922424316, 27.753093719482422], "rotation": [4.158424417255446e-05, -0.10135050117969513, 5.716559826396406e-05, 0.994850754737854], "isTarget": false}, "baseballGlove": {"position": [-0.09617780894041061, 1.2935947179794312, -3.012073516845703], "rotation": [-6.643031520070508e-05, -1.001604701400538e-07, 6.83632169966586e-05, 0.9999999403953552], "isTarget": false}, "phone": {"position": [7.595705032348633, 1.301520586013794, -22.935630798339844], "rotation": [0.0003027529164683074, 0.0004287038464099169, 6.828689220128581e-05, 0.9999998807907104], "isTarget": false}, "book": {"position": [34.437259674072266, 1.2878249883651733, 25.71471405029297], "rotation": [8.81208834471181e-05, -0.0007362017058767378, 6.580437911907211e-05, 0.9999997019767761], "isTarget": false}, "alarmClock": {"position": [3.148179292678833, 1.2902950048446655, 2.415104627609253], "rotation": [-0.007504445035010576, 7.99276585894404e-06, -0.0001232778449775651, 0.9999718070030212], "isTarget": true}, "teddy": {"position": [8.85025405883789, 0.4698652923107147, -17.823097229003906], "rotation": [-0.045006271451711655, 0.01549793966114521, -0.8784851431846619, 0.47539252042770386], "isTarget": false}, "backpack": {"position": [14.149042129516602, 0.49058982729911804, 4.34497594833374], "rotation": [0.7057785391807556, -0.04207620769739151, 0.04330369830131531, 0.7058548331260681], "isTarget": false}, "keys": {"position": [16.20449447631836, 1.34275221824646, 6.660870552062988], "rotation": [-0.0010777136776596308, 2.781644434435293e-05, -0.0011311196722090244, 0.9999987483024597], "isTarget": false}, "umbrella": {"position": [-2.3647377490997314, 1.5950819253921509, 27.381559371948242], "rotation": [0.6559358835220337, 0.01207493245601654, 0.17311319708824158, 0.73459792137146], "isTarget": false}, "spoon": {"position": [30.631473541259766, 1.8721914291381836, 19.773027420043945], "rotation": [3.127505260636099e-05, 4.673041621572338e-05, -0.17370618879795074, 0.984797477722168], "isTarget": false}, "eyeglasses": {"position": [10.845869064331055, 1.4477800130844116, -20.32950782775879], "rotation": [0.0005880614626221359, 0.8533700108528137, -0.001083782291971147, 0.5213041305541992], "isTarget": false}}}