{"target": "teddy", "objects": {"book": {"position": [22.506126403808594, 1.2552893161773682, 6.397110939025879], "rotation": [-0.011996353045105934, 0.0007173900376074016, 0.0018870846834033728, 0.999925971031189], "isTarget": false}, "umbrella": {"position": [-2.4976415634155273, 2.9103550910949707, 0.40516817569732666], "rotation": [0.9368604421615601, -0.001087860786356032, 0.006237270310521126, -0.3496461808681488], "isTarget": false}, "spoon": {"position": [7.480906963348389, 1.3334308862686157, -23.763368606567383], "rotation": [0.010756905190646648, 0.0017810590798035264, 0.9847448468208313, 0.17366290092468262], "isTarget": false}, "apple": {"position": [29.61312484741211, 1.5702229738235474, 20.619489669799805], "rotation": [0.00019719851843547076, -3.549819439285784e-06, -3.953853592975065e-05, 0.9999999403953552], "isTarget": false}, "banana": {"position": [0.4775835871696472, 1.4415709972381592, -3.0338802337646484], "rotation": [-0.01300467737019062, -0.03647162392735481, 0.33317258954048157, 0.9420704245567322], "isTarget": false}, "keys": {"position": [-3.0843472480773926, 1.3427574634552002, 23.682493209838867], "rotation": [-0.001095513696782291, 0.00012170877016615123, -0.0011095131048932672, 0.9999987483024597], "isTarget": false}, "teddy": {"position": [16.069252014160156, 2.183065176010132, 6.811743259429932], "rotation": [-0.0018011742504313588, -0.004000325687229633, -0.1907215565443039, 0.9816343784332275], "isTarget": true}, "baseballGlove": {"position": [1.2724899053573608, 1.2935940027236938, 26.826108932495117], "rotation": [-6.583957292605191e-05, 9.680139919510111e-05, 6.78137585055083e-05, 0.9999999403953552], "isTarget": false}, "backpack": {"position": [6.4129958152771, -3.2720606327056885, -8.408482551574707], "rotation": [0.05635659769177437, -0.0016381469322368503, 0.0002012696786550805, 0.9984093308448792], "isTarget": false}, "alarmClock": {"position": [34.333805084228516, 1.2904845476150513, 25.600698471069336], "rotation": [-0.007194952107965946, -0.008820383809506893, 7.081528747221455e-05, 0.9999352097511292], "isTarget": false}, "phone": {"position": [33.96087646484375, 1.3014440536499023, 27.771949768066406], "rotation": [0.00030002041603438556, 0.00019231361511629075, 0.00013867089000996202, 0.9999998807907104], "isTarget": false}, "pottedPlant": {"position": [13.848069190979004, 1.2972002029418945, 8.439395904541016], "rotation": [4.209899088891689e-06, -0.005980697460472584, -1.9771672668866813e-05, 0.9999821186065674], "isTarget": false}, "handbag": {"position": [0.5568313598632812, 1.749621033668518, 20.6943416595459], "rotation": [-0.7070685029029846, 0.0009024379542097449, 0.0006882796878926456, 0.7071440815925598], "isTarget": false}, "eyeglasses": {"position": [6.70917272567749, 1.4478251934051514, -18.693336486816406], "rotation": [0.0002990591456182301, 0.971038818359375, -0.001187656307592988, 0.23891854286193848], "isTarget": false}}}