{"target": "baseballGlove", "objects": {"banana": {"position": [21.269588470458984, 0.16427908837795258, 5.5226616859436035], "rotation": [0.21740597486495972, 0.6750897169113159, 0.6715144515037537, -0.21460850536823273], "isTarget": false}, "phone": {"position": [0.47269734740257263, 1.3014651536941528, 27.137863159179688], "rotation": [0.00029587154858745635, 5.5795462685637176e-05, -0.00013252416101749986, 0.9999999403953552], "isTarget": false}, "book": {"position": [0.240303635597229, 1.250035047531128, -2.5262765884399414], "rotation": [0.001453916891478002, 0.00014833832392469049, 0.0045595308765769005, 0.9999884963035583], "isTarget": false}, "apple": {"position": [7.443538188934326, 1.57020103931427, -23.344295501708984], "rotation": [-7.836239819880575e-05, -5.6705594033701345e-06, -8.171236549969763e-05, 0.9999999403953552], "isTarget": false}, "baseballGlove": {"position": [5.338510036468506, 1.293655276298523, -8.20453929901123], "rotation": [8.037475345190614e-05, -0.005007488187402487, 0.00012163429346401244, 0.9999874830245972], "isTarget": true}, "pottedPlant": {"position": [-3.0518851280212402, 1.2971956729888916, -0.12602020800113678], "rotation": [7.939832471492991e-07, 0.00012316080392338336, -2.0625890101655386e-05, 0.9999999403953552], "isTarget": false}, "alarmClock": {"position": [11.327827453613281, -0.2964715361595154, -19.033428192138672], "rotation": [0.6749238967895508, 0.003016818081960082, 0.0027295618783682585, -0.7378760576248169], "isTarget": false}, "umbrella": {"position": [29.81355857849121, 1.602452039718628, 25.115285873413086], "rotation": [-0.4496571719646454, -0.8537908792495728, 0.22142541408538818, 0.14078468084335327], "isTarget": false}, "eyeglasses": {"position": [6.79924201965332, 1.4478132724761963, -17.63365364074707], "rotation": [0.0005686772638000548, 0.9023945927619934, -0.0011143882293254137, 0.43090882897377014], "isTarget": false}, "keys": {"position": [3.1975698471069336, 1.3689815998077393, 2.5679984092712402], "rotation": [0.7056203484535217, -0.004449515137821436, 0.7085608243942261, 0.00466040289029479], "isTarget": false}, "handbag": {"position": [24.11286163330078, 1.6015782356262207, 20.16962432861328], "rotation": [-0.00010880658373935148, 9.587019121681806e-06, 4.698859993368387e-05, 0.9999999403953552], "isTarget": false}, "teddy": {"position": [34.33962631225586, 0.6607785820960999, 22.46978187561035], "rotation": [-0.7762981653213501, -0.18248558044433594, -0.11403004080057144, 0.5925007462501526], "isTarget": false}, "spoon": {"position": [13.676514625549316, 1.8722023963928223, 8.222869873046875], "rotation": [-0.008267554454505444, 0.047231271862983704, -0.1734076291322708, 0.9836822152137756], "isTarget": false}, "backpack": {"position": [29.754241943359375, 0.6671035885810852, 19.453710556030273], "rotation": [0.3530866205692291, 0.3542487621307373, 0.6126404404640198, 0.6119716763496399], "isTarget": false}}}