{"target": "backpack", "objects": {"banana": {"position": [1.4637832641601562, 2.284120559692383, 27.02448081970215], "rotation": [0.007623785175383091, 0.0037403914611786604, 0.9024033546447754, 0.4308086335659027], "isTarget": false}, "alarmClock": {"position": [-3.388368844985962, 0.9835507869720459, 24.5009765625], "rotation": [-0.5247519016265869, -0.46409890055656433, -0.4243951737880707, 0.5737040042877197], "isTarget": false}, "phone": {"position": [-0.21968570351600647, 1.3014439344406128, -3.0647664070129395], "rotation": [4.405578874866478e-05, 0.8422373533248901, -0.0003252214810345322, 0.5391067862510681], "isTarget": false}, "umbrella": {"position": [20.24479103088379, 1.6173510551452637, 7.271599769592285], "rotation": [0.28512102365493774, 0.7834254503250122, 0.4214625358581543, 0.356819212436676], "isTarget": false}, "spoon": {"position": [0.23611989617347717, 1.6480741500854492, 20.487768173217773], "rotation": [-0.6605864763259888, -0.2521249055862427, -0.2520847022533417, 0.6606903672218323], "isTarget": false}, "apple": {"position": [13.331090927124023, 1.5703212022781372, 8.467489242553711], "rotation": [-4.321794767747633e-05, 0.6398049592971802, 3.068390651606023e-05, 0.7685372829437256], "isTarget": false}, "backpack": {"position": [24.475540161132812, -3.272108793258667, 19.88998794555664], "rotation": [0.03643395006656647, -0.7601422071456909, 0.0429806225001812, 0.6473091244697571], "isTarget": true}, "pottedPlant": {"position": [6.348007678985596, 2.344135046005249, -22.962566375732422], "rotation": [0.500026285648346, 0.5000416040420532, -0.4999746084213257, -0.49995744228363037], "isTarget": false}, "teddy": {"position": [10.637505531311035, 1.812318205833435, -20.126911163330078], "rotation": [0.7177426218986511, 0.18543009459972382, 0.6486021876335144, 0.17255808413028717], "isTarget": false}, "keys": {"position": [22.60951805114746, 1.342863917350769, 0.671502947807312], "rotation": [-0.0009850923670455813, -0.4519155025482178, -0.0012566227233037353, 0.892059326171875], "isTarget": false}, "handbag": {"position": [34.37172317504883, 1.1641582250595093, 28.055660247802734], "rotation": [-0.04359353706240654, 0.7057132720947266, -0.7058141827583313, -0.043527860194444656], "isTarget": false}, "eyeglasses": {"position": [2.914618730545044, 1.4477771520614624, 3.0823519229888916], "rotation": [0.00020208678324706852, 0.976621150970459, -0.0012022345326840878, 0.21496424078941345], "isTarget": false}, "baseballGlove": {"position": [-2.6764073371887207, 1.2937161922454834, 0.3088988661766052], "rotation": [-7.329829531954601e-05, 0.49093660712242126, -1.6509267879882827e-05, 0.8711952567100525], "isTarget": false}, "book": {"position": [22.675235748291016, 1.2506588697433472, 6.370770454406738], "rotation": [-0.015049812383949757, 0.005169637501239777, 0.0014573526568710804, 0.9998723268508911], "isTarget": false}}}