{"target": "umbrella", "objects": {"eyeglasses": {"position": [33.50887680053711, 1.4478398561477661, 26.210569381713867], "rotation": [0.0004333688993938267, 0.9214611649513245, -0.0011459331726655364, 0.38846856355667114], "isTarget": false}, "apple": {"position": [13.411373138427734, 1.5702548027038574, 8.394471168518066], "rotation": [8.60568179632537e-05, 2.3830214558984153e-05, -1.282648736378178e-05, 0.9999999403953552], "isTarget": false}, "spoon": {"position": [-3.0571951866149902, 1.8721390962600708, 24.56809425354004], "rotation": [0.0006748962914571166, -0.003251992864534259, -0.17361754179000854, 0.984807550907135], "isTarget": false}, "backpack": {"position": [23.57707977294922, 0.7268199920654297, 0.8983554244041443], "rotation": [0.0005745322559960186, 0.0005485530709847808, -0.707105815410614, 0.7071072459220886], "isTarget": false}, "handbag": {"position": [7.393589019775391, 1.7495956420898438, -18.429128646850586], "rotation": [-0.7070373296737671, -0.00038193570799194276, -0.0002798961941152811, 0.7071760296821594], "isTarget": false}, "umbrella": {"position": [10.930987358093262, 2.905796527862549, -20.082595825195312], "rotation": [0.9077503085136414, -0.08515680581331253, -0.36141183972358704, -0.19524139165878296], "isTarget": true}, "baseballGlove": {"position": [-2.3618056774139404, 1.7863833904266357, -0.28398558497428894], "rotation": [0.9999940991401672, -0.00011346390238031745, -0.0034145296085625887, 8.031028119148687e-05], "isTarget": false}, "alarmClock": {"position": [0.3096521198749542, 1.8094507455825806, 26.87388038635254], "rotation": [0.6946974992752075, 0.13206720352172852, -0.13237980008125305, 0.6945712566375732], "isTarget": false}, "book": {"position": [34.2522087097168, 1.2513749599456787, 28.264995574951172], "rotation": [-0.005302514880895615, 0.001318510272540152, 0.0016906816745176911, 0.9999836683273315], "isTarget": false}, "phone": {"position": [2.404043674468994, 1.3015207052230835, 3.432443380355835], "rotation": [0.00030290166614577174, -2.5508366888971068e-05, -6.807648605899885e-05, 0.9999999403953552], "isTarget": false}, "banana": {"position": [29.6409854888916, 2.0984973907470703, 19.900676727294922], "rotation": [0.03278899937868118, -0.011546830646693707, 0.9421987533569336, -0.3332463204860687], "isTarget": false}, "teddy": {"position": [24.245161056518555, 2.1830663681030273, 20.291336059570312], "rotation": [-0.0028341023717075586, 0.0013447980163618922, -0.1907181590795517, 0.9816398024559021], "isTarget": false}, "keys": {"position": [6.615216255187988, 1.3689583539962769, -22.990997314453125], "rotation": [0.6546878814697266, -0.004770491737872362, 0.7558718323707581, 0.0043368833139538765], "isTarget": false}, "pottedPlant": {"position": [-0.07588861882686615, 1.2972053289413452, 21.47617530822754], "rotation": [2.9625542083522305e-05, 0.0010977966012433171, 4.209576218272559e-06, 0.9999993443489075], "isTarget": false}}}