{"target": "pottedPlant", "objects": {"spoon": {"position": [22.649988174438477, 1.6480300426483154, 6.407899379730225], "rotation": [-0.6979880332946777, -0.11345450580120087, -0.11330541968345642, 0.6979274153709412], "isTarget": false}, "umbrella": {"position": [5.944956302642822, 1.596018671989441, 6.575058937072754], "rotation": [-0.7522901892662048, -0.5524258613586426, 0.23404674232006073, -0.2722265422344208], "isTarget": false}, "backpack": {"position": [-5.567208290100098, 0.6641901135444641, -2.446483850479126], "rotation": [0.6701951026916504, 0.2482091635465622, -0.25343629717826843, 0.651920735836029], "isTarget": false}, "eyeglasses": {"position": [34.259010314941406, 1.4478071928024292, 27.921829223632812], "rotation": [0.0007878037285991013, 0.7734295129776001, -0.0008907680166885257, 0.633881151676178], "isTarget": false}, "banana": {"position": [-3.9524712562561035, 1.0040757656097412, 24.530454635620117], "rotation": [-0.051511816680431366, -0.024592703208327293, 0.9009523391723633, 0.4301472008228302], "isTarget": false}, "alarmClock": {"position": [10.965642929077148, 1.2908600568771362, -20.330963134765625], "rotation": [-0.006668629590421915, 0.0021455418318510056, 3.444834874244407e-05, 0.9999754428863525], "isTarget": false}, "phone": {"position": [5.938566207885742, 1.3014439344406128, -7.828591346740723], "rotation": [0.00029772394918836653, 0.000431642314651981, -0.00013773448881693184, 0.9999998807907104], "isTarget": false}, "keys": {"position": [-0.01279869582504034, 1.34297513961792, 20.66927719116211], "rotation": [-0.0018243923550471663, 1.8732549506239593e-05, -0.0002453066990710795, 0.9999983310699463], "isTarget": false}, "baseballGlove": {"position": [1.35065758228302, 1.2935961484909058, 27.13802146911621], "rotation": [6.276060594245791e-05, -1.114216388486966e-06, -7.91530474089086e-05, 0.9999999403953552], "isTarget": false}, "apple": {"position": [6.316143035888672, 1.5703186988830566, -18.559310913085938], "rotation": [8.86525958776474e-05, 3.992317579104565e-05, 0.00010657725215423852, 0.9999999403953552], "isTarget": false}, "teddy": {"position": [30.031837463378906, 2.1830642223358154, 19.919164657592773], "rotation": [-0.0029214282985776663, 0.00176769879180938, -0.19070790708065033, 0.9816408753395081], "isTarget": false}, "book": {"position": [22.6649169921875, 1.2508442401885986, -0.1781003773212433], "rotation": [-0.022274212911725044, 0.0002836723579093814, -0.0011226596543565392, 0.9997512102127075], "isTarget": false}, "handbag": {"position": [23.374784469604492, 1.6016541719436646, 20.234088897705078], "rotation": [-0.00010994106560247019, 0.00019351289665792137, 2.372120798099786e-05, 1], "isTarget": false}, "pottedPlant": {"position": [6.413450717926025, 1.29732346534729, -24.079299926757812], "rotation": [-0.00030994846019893885, 2.553399644966703e-05, 8.869128578226082e-06, 0.9999999403953552], "isTarget": true}}}